10001	异国之盏	归乡之羽	感别之冠	故人之心	逐光之石
10002	勇士的壮行	勇士的期许	勇士的冠冕	勇士的勋章	勇士的坚毅
10003	守护之皿	守护徽印	守护束带	守护之花	守护座钟
10004	奇迹之杯	奇迹之羽	奇迹耳坠	奇迹之花	奇迹之沙
10005	战狂的骨杯	战狂的翎羽	战狂的鬼面	战狂的蔷薇	战狂的时计
10006	武人的酒杯	武人的羽饰	武人的头巾	武人的红花	武人的水漏
10007	教官的茶杯	教官的羽饰	教官的帽子	教官的胸花	教官的怀表
10008	赌徒的骰盅	赌徒的羽饰	赌徒的耳环	赌徒的胸花	赌徒的怀表
10009	流放者之杯	流放者之羽	流放者头冠	流放者之花	流放者怀表
10010	冒险家金杯	冒险家尾羽	冒险家头带	冒险家之花	冒险家怀表
10011	幸运儿之杯	幸运儿鹰羽	幸运儿银冠	幸运儿绿花	幸运儿沙漏
10012	学士的墨杯	学士的羽笔	学士的镜片	学士的书签	学士的时钟
10013	游医的药壶	游医的枭羽	游医的方巾	游医的银莲	游医的怀钟
14001	遍结寒霜的傲骨	摧冰而行的执望	破冰踏雪的回音	历经风雪的思念	冰雪故园的终期
14002	平雷之器	平雷之羽	平雷之冠	平雷之心	平雷之刻
14003	渡火者的醒悟	渡火者的解脱	渡火者的智慧	渡火者的决绝	渡火者的煎熬
14004	少女片刻的闲暇	少女飘摇的思念	少女易逝的芳颜	远方的少女之心	少女苦短的良辰
15000	高天的风之主杯	高天的风之主羽	高天的风之主冠	高天的风之主花	高天的风之主沙
15001	角斗士的酣醉	角斗士的归宿	角斗士的凯旋	角斗士的留恋	角斗士的希冀
15002	翠绿猎人的容器	猎人青翠的箭羽	翠绿的猎人之冠	野花记忆的绿野	翠绿猎人的笃定
15003	吟游者之壶	琴师的箭羽	指挥的礼帽	乐团的晨光	终幕的时计
15004	北风之盏	雪藏之羽	冰河之冠	凛冬霜心	凝冰成砂
15005	降雷的凶兆	雷灾的孑遗	唤雷的头冠	雷鸟的怜悯	雷霆的时计
15006	魔女的心之火	魔女常燃之羽	焦灼的魔女帽	魔女的炎之花	魔女破灭之时
15007	宗室银瓮	宗室之翎	宗室面具	宗室之花	宗室时计
15008	染血骑士之杯	染血的黑之羽	染血的铁假面	染血的铁之心	骑士染血之时
15009	-	-	祭火礼冠	-	-
15010	-	-	祭水礼冠	-	-
15011	-	-	祭雷礼冠	-	-
15012	-	-	祭风礼冠	-	-
15013	-	-	祭冰礼冠	-	-
15014	巉岩琢塑之樽	嵯峨群峰之翼	不动玄石之相	磐陀裂生之花	星罗圭璧之晷
15015	夏祭水玉	夏祭终末	夏祭之面	夏祭之花	夏祭之刻
15016	沉波之盏	追忆之风	酒渍船帽	饰金胸花	坚铜罗盘
15017	盟誓金爵	昭武翎羽	将帅兜鍪	勋绩之花	金铜时晷
15018	超越之盏	贤医之羽	嗤笑之面	无垢之花	停摆之刻
15019	祈望之心	思忆之矢	无常之面	羁缠之花	朝露之时
15020	绯花之壶	切落之羽	华饰之兜	明威之镡	雷云之笼
15021	梦醒之瓢	华馆之羽	形骸之笠	荣花之期	众生之谣
15022	真珠之笼	渊宫之羽	海祇之冠	海染之花	离别之贝
15023	结契之刻	潜光片羽	虺雷之姿	生灵之华	阳辔之遗
15024	涌泉之盏	垂玉之叶	浮溯之珏	魂香之花	祝祀之凭
15025	迷误者之灯	翠蔓的智者	月桂的宝冠	迷宫的游人	贤智的定期
15026	如蜜的终宴	裁断的翎羽	沙王的投影	梦中的铁花	沉金的岁月
15027	迷醉长梦的守护	黄金邦国的结末	流沙贵嗣的遗宝	众王之都的开端	失落迷途的机芯
15028	守秘的魔瓶	谢落的筵席	紫晶的花冠	月女的华彩	凝结的时刻
15029	勇者们的茶会	坏巫师的羽杖	恶龙的单片镜	旅途中的鲜花	水仙的时时刻刻
15030	无边酣乐之筵	琦色灵彩之羽	灵光明烁之心	灵光源起之蕊	久远花落之时
15031	遗忘的容器	杰作的序曲	老兵的容颜	猎人的胸花	裁判的时刻
15032	黄金之夜的喧嚣	黄金飞鸟的落羽	黄金剧团的奖赏	黄金乐曲的变奏	黄金时代的先声
15033	昔时应许之梦	昔时浮想之思	昔时传奏之诗	昔时遗落之誓	昔时回映之音
15034	慷慨的墨水瓶	诚恳的蘸水笔	慈爱的淑女帽	无私的妆饰花	忠实的砂时计
15035	灵露倾洒的狂诗	古海玄幽的夜想	异想零落的圆舞	谐律交响的前奏	命途轮转的谐谑
15036	筹谋的共樽	褪光的翠尾	失冕的宝冠	暗结的明花	举业的识刻
15037	游学者的爪杯	巡山客的信标	魔战士的羽面	驯兽师的护符	秘术家的金盘
15038	纷争的前宴	灵髓的根脉	诸圣的礼冠	异种的期许	夜域的迷思
15039	未吹响的号角	夜鸣莺的尾羽	被浸染的缨盔	执灯人的誓词	不死者的哀铃
15040	深廊的饫赐之宴	深廊的漫远之约	深廊的遂失之冕	深廊的回奏之歌	深廊的湮落之刻
15041	满溢之壶	深罪之羽	永劫之冕	渴真之花	谕告之钟
15042	至纯者的欢荣	受福者的白羽	司信者的圣冕	流离者的晶泪	祭霜者的迷狂
15043	献与月的酹祭	献与月的离光	献与月的银冕	献与月的华梦	献与月的终时
15044	未言的宴话	晨光的明誓	哀慕的恋歌	风花的箴铭	春律的片刻
15045	天授之禄	天授之殁	天授之冕	天授之馨	天授之令
15046	止于祝庆的喝礼	止于妙想成型的锋毫	止于阔步跌坠的灵摆	止于荣礼的缎彩	止于宏伟梦醒的时刻
15047	饮尽你的血泪	铭记你的功勋	缅怀你的信仰	感谢你的奉献	授予你的年华
15048	熔铸者的雅量	熔铸者的观测	熔铸者的继志	熔铸者的揣度	熔铸者的计算